{
  "model": "GCN_Graph-only",
  "architecture": "gcn",
  "feature_set": "Graph-only",
  "geo_dim": 0,
  "config": {
    "epochs": 20,
    "patience": 5,
    "lr": 0.001,
    "hidden_channels": 64,
    "num_layers": 3
  },
  "cv_results": {
    "auc_roc": {
      "mean": 0.9502935420743639,
      "std": 0.0035225048923678837,
      "values": [
        0.9538160469667318,
        0.9467710371819961
      ]
    },
    "f1": {
      "mean": 0.8751872607224103,
      "std": 0.024440992065693834,
      "values": [
        0.8996282527881041,
        0.8507462686567164
      ]
    },
    "mcc": {
      "mean": 0.7723348257591839,
      "std": 0.04088487828646814,
      "values": [
        0.813219704045652,
        0.7314499474727157
      ]
    }
  }
}