{
  "model": "EGNN_Graph_plus_Geo24",
  "architecture": "egnn",
  "feature_set": "Graph+Geo24",
  "geo_dim": 24,
  "config": {
    "epochs": 500,
    "patience": 30,
    "lr": 0.001,
    "hidden_channels": 64,
    "num_layers": 3
  },
  "cv_results": {
    "auc_roc": {
      "mean": 0.9259959971113197,
      "std": 0.07604102008202858,
      "values": [
        0.9627949183303085,
        0.9758015728977616,
        0.9627118644067797,
        0.7745460141582026,
        0.9541256157635467
      ]
    },
    "f1": {
      "mean": 0.807813474037383,
      "std": 0.07349481651750911,
      "values": [
        0.7526881720430108,
        0.9259259259259259,
        0.8431372549019608,
        0.7142857142857143,
        0.803030303030303
      ]
    },
    "mcc": {
      "mean": 0.6357154029844242,
      "std": 0.17851172119674794,
      "values": [
        0.6434441616269505,
        0.8654666951486987,
        0.7513813172962561,
        0.33514213214229427,
        0.5831427087079215
      ]
    }
  }
}