{
  "model": "EGNN_Graph-only",
  "architecture": "egnn",
  "feature_set": "Graph-only",
  "geo_dim": 0,
  "config": {
    "epochs": 500,
    "patience": 50,
    "lr": 0.001,
    "hidden_channels": 64,
    "num_layers": 3
  },
  "cv_results": {
    "auc_roc": {
      "mean": 0.9879710696612106,
      "std": 0.017837758228376025,
      "values": [
        1.0,
        1.0,
        0.9527978682908261,
        0.9946707270650933,
        0.9923867529501332
      ]
    },
    "f1": {
      "mean": 0.9036884828695445,
      "std": 0.08941978070650194,
      "values": [
        0.9866666666666667,
        0.972972972972973,
        0.8656716417910447,
        0.7457627118644068,
        0.9473684210526315
      ]
    },
    "mcc": {
      "mean": 0.8750693747702118,
      "std": 0.10402279637791283,
      "values": [
        0.9798779611326353,
        0.9597148699373932,
        0.8155360927759392,
        0.7006327390810977,
        0.9195852109239938
      ]
    }
  }
}