{
  "model": "GCN_Graph_plus_Combined36",
  "architecture": "gcn",
  "feature_set": "Graph+Combined36",
  "geo_dim": 36,
  "config": {
    "epochs": 500,
    "patience": 30,
    "lr": 0.001,
    "hidden_channels": 64,
    "num_layers": 3
  },
  "cv_results": {
    "auc_roc": {
      "mean": 0.9769313875943375,
      "std": 0.02003117898690247,
      "values": [
        0.9750453720508166,
        0.9897156684815487,
        0.9392912172573189,
        0.9959987688519545,
        0.9846059113300492
      ]
    },
    "f1": {
      "mean": 0.9293086600362143,
      "std": 0.01866166673519098,
      "values": [
        0.9572649572649573,
        0.9298245614035088,
        0.9107142857142857,
        0.9411764705882353,
        0.907563025210084
      ]
    },
    "mcc": {
      "mean": 0.8597707861381882,
      "std": 0.035949977372786254,
      "values": [
        0.9143206919978125,
        0.8608590441621294,
        0.8295784532868289,
        0.8805874420954336,
        0.8135082991487377
      ]
    }
  }
}