{
  "model": "GAT_Graph_plus_Combined36",
  "architecture": "gat",
  "feature_set": "Graph+Combined36",
  "geo_dim": 36,
  "config": {
    "epochs": 500,
    "patience": 30,
    "lr": 0.001,
    "hidden_channels": 64,
    "num_layers": 3
  },
  "cv_results": {
    "auc_roc": {
      "mean": 0.9817007474486333,
      "std": 0.010225649706061261,
      "values": [
        0.9753478523895946,
        0.9830611010284331,
        0.9691833590138675,
        0.9996922129886118,
        0.98121921182266
      ]
    },
    "f1": {
      "mean": 0.9227548702654733,
      "std": 0.01935283289968661,
      "values": [
        0.9401709401709402,
        0.9310344827586207,
        0.8928571428571429,
        0.9421487603305785,
        0.907563025210084
      ]
    },
    "mcc": {
      "mean": 0.8465400184001213,
      "std": 0.03609471498744932,
      "values": [
        0.8795038444548494,
        0.8614221271773226,
        0.794382344736513,
        0.8838834764831843,
        0.8135082991487377
      ]
    }
  }
}