{
  "model": "GAT_Graph_plus_Geo24",
  "architecture": "gat",
  "feature_set": "Graph+Geo24",
  "geo_dim": 24,
  "config": {
    "epochs": 500,
    "patience": 30,
    "lr": 0.001,
    "hidden_channels": 64,
    "num_layers": 3
  },
  "cv_results": {
    "auc_roc": {
      "mean": 0.9792461822555554,
      "std": 0.011846261470244037,
      "values": [
        0.9726255293405929,
        0.9830611010284331,
        0.9617873651771958,
        0.9975377039088951,
        0.98121921182266
      ]
    },
    "f1": {
      "mean": 0.9078806434933296,
      "std": 0.03042513654774908,
      "values": [
        0.9401709401709402,
        0.9391304347826087,
        0.8679245283018868,
        0.8769230769230769,
        0.9152542372881356
      ]
    },
    "mcc": {
      "mean": 0.8219519458169608,
      "std": 0.05331176024021019,
      "values": [
        0.8795038444548494,
        0.8784029038112523,
        0.7729992357072315,
        0.7494290063884893,
        0.8294247387229817
      ]
    }
  }
}