{
  "model": "GCN_Graph_plus_Geo24",
  "architecture": "gcn",
  "feature_set": "Graph+Geo24",
  "geo_dim": 24,
  "config": {
    "epochs": 500,
    "patience": 30,
    "lr": 0.001,
    "hidden_channels": 64,
    "num_layers": 3
  },
  "cv_results": {
    "auc_roc": {
      "mean": 0.978881062966029,
      "std": 0.014266288910245617,
      "values": [
        0.970810647307925,
        0.9833635813672111,
        0.9562403697996918,
        0.9981532779316713,
        0.9858374384236452
      ]
    },
    "f1": {
      "mean": 0.9069450612664524,
      "std": 0.034929990483785124,
      "values": [
        0.9256198347107438,
        0.9401709401709402,
        0.8421052631578947,
        0.926829268292683,
        0.9
      ]
    },
    "mcc": {
      "mean": 0.8132646846144984,
      "std": 0.06878808343076137,
      "values": [
        0.8499412637548951,
        0.8795038444548494,
        0.686286594761171,
        0.8528028654224418,
        0.7977888546791352
      ]
    }
  }
}