{
  "timestamp": "20260122_172340",
  "seed": 42,
  "n_folds": 5,
  "pnas_rounds": 15,
  "results": {
    "cluster_cv": {
      "SVM (QSAR-12)": {
        "accuracy": {
          "mean": 0.8495652173913044,
          "std": 0.04644522033204674
        },
        "precision": {
          "mean": 0.8540489642184557,
          "std": 0.019975050917235695
        },
        "recall": {
          "mean": 0.8438012403891084,
          "std": 0.0892886184976223
        },
        "f1": {
          "mean": 0.8468181920653979,
          "std": 0.05312794138503725
        },
        "auc_roc": {
          "mean": 0.9274553558966417,
          "std": 0.01574317710025824
        },
        "auc_pr": {
          "mean": 0.923496995504733,
          "std": 0.027382000936809883
        },
        "mcc": {
          "mean": 0.7026143128789697,
          "std": 0.08887134940102638
        }
      },
      "MLP (QSAR-12)": {
        "accuracy": {
          "mean": 0.8600762776506483,
          "std": 0.0296062874839223
        },
        "precision": {
          "mean": 0.8479097927411345,
          "std": 0.0065676425143390855
        },
        "recall": {
          "mean": 0.8783569092222079,
          "std": 0.06367491584268456
        },
        "f1": {
          "mean": 0.8617182271138544,
          "std": 0.03275655220746981
        },
        "auc_roc": {
          "mean": 0.9342999816131913,
          "std": 0.011860731417256456
        },
        "auc_pr": {
          "mean": 0.9317662515923597,
          "std": 0.01717540893787937
        },
        "mcc": {
          "mean": 0.7228604453684447,
          "std": 0.05893197309894302
        }
      },
      "SVM (Geo-24)": {
        "accuracy": {
          "mean": 0.9300839054157132,
          "std": 0.022683367670703218
        },
        "precision": {
          "mean": 0.937661957314802,
          "std": 0.03457811635257746
        },
        "recall": {
          "mean": 0.9233326961471475,
          "std": 0.04864359029459278
        },
        "f1": {
          "mean": 0.9291279688889119,
          "std": 0.02467319784899336
        },
        "auc_roc": {
          "mean": 0.9732854396493454,
          "std": 0.01691389530465445
        },
        "auc_pr": {
          "mean": 0.9776317894006841,
          "std": 0.011443269641677113
        },
        "mcc": {
          "mean": 0.8626239823945017,
          "std": 0.04441036057675163
        }
      },
      "MLP (Geo-24)": {
        "accuracy": {
          "mean": 0.9406102212051868,
          "std": 0.016779529780404256
        },
        "precision": {
          "mean": 0.9508940580396488,
          "std": 0.018470217546275345
        },
        "recall": {
          "mean": 0.9305944947113547,
          "std": 0.049940637505804325
        },
        "f1": {
          "mean": 0.9394773017617528,
          "std": 0.018384275724766894
        },
        "auc_roc": {
          "mean": 0.9806141833544932,
          "std": 0.016464767652428918
        },
        "auc_pr": {
          "mean": 0.9841415020875285,
          "std": 0.011086499968490883
        },
        "mcc": {
          "mean": 0.8835822750850945,
          "std": 0.03335793082483291
        }
      },
      "SVM (Combined-36)": {
        "accuracy": {
          "mean": 0.9388100686498856,
          "std": 0.027586385777986864
        },
        "precision": {
          "mean": 0.9531383608340672,
          "std": 0.01789560965526561
        },
        "recall": {
          "mean": 0.9235705789898475,
          "std": 0.051546951737467865
        },
        "f1": {
          "mean": 0.9373637041359393,
          "std": 0.029226872230348602
        },
        "auc_roc": {
          "mean": 0.9849764832344434,
          "std": 0.006384158991112923
        },
        "auc_pr": {
          "mean": 0.9845616260156529,
          "std": 0.007237147612739562
        },
        "mcc": {
          "mean": 0.8793754910872155,
          "std": 0.053632202831577984
        }
      },
      "MLP (Combined-36)": {
        "accuracy": {
          "mean": 0.945766590389016,
          "std": 0.023821059661566796
        },
        "precision": {
          "mean": 0.9525417911653072,
          "std": 0.037828863067635776
        },
        "recall": {
          "mean": 0.9412960367019242,
          "std": 0.05070320581350517
        },
        "f1": {
          "mean": 0.9452774600078258,
          "std": 0.024332953550536895
        },
        "auc_roc": {
          "mean": 0.9907766210820101,
          "std": 0.003982076503416068
        },
        "auc_pr": {
          "mean": 0.9911594641840376,
          "std": 0.004050876493428387
        },
        "mcc": {
          "mean": 0.8945600169338424,
          "std": 0.04475667592204115
        }
      }
    },
    "pnas_cv": {
      "SVM (QSAR-12)": {
        "accuracy": {
          "mean": 0.845578231292517,
          "std": 0.027849645565249943
        },
        "precision": {
          "mean": 0.8576919439568526,
          "std": 0.04272929055650871
        },
        "recall": {
          "mean": 0.8326530612244899,
          "std": 0.05010055140005978
        },
        "f1": {
          "mean": 0.8433065857533786,
          "std": 0.028840044147039216
        },
        "auc_roc": {
          "mean": 0.9279744550881577,
          "std": 0.016008886785586648
        },
        "auc_pr": {
          "mean": 0.9326860466019232,
          "std": 0.018691998822285463
        },
        "mcc": {
          "mean": 0.6939474554133217,
          "std": 0.05455992672812791
        }
      },
      "MLP (QSAR-12)": {
        "accuracy": {
          "mean": 0.8401360544217688,
          "std": 0.033047504221744545
        },
        "precision": {
          "mean": 0.8539675283414915,
          "std": 0.0569156170567162
        },
        "recall": {
          "mean": 0.8326530612244898,
          "std": 0.10358022481999608
        },
        "f1": {
          "mean": 0.8357373244552995,
          "std": 0.050150792483800014
        },
        "auc_roc": {
          "mean": 0.9366652783562404,
          "std": 0.017071285077335727
        },
        "auc_pr": {
          "mean": 0.935978154132776,
          "std": 0.023613982848984215
        },
        "mcc": {
          "mean": 0.6890839520235521,
          "std": 0.05403495864033742
        }
      },
      "SVM (Geo-24)": {
        "accuracy": {
          "mean": 0.9421768707482995,
          "std": 0.02029446787779087
        },
        "precision": {
          "mean": 0.9556368248019497,
          "std": 0.03006123830937086
        },
        "recall": {
          "mean": 0.9292517006802721,
          "std": 0.04645815259582005
        },
        "f1": {
          "mean": 0.9410383923477482,
          "std": 0.022106713419958724
        },
        "auc_roc": {
          "mean": 0.9794807719005969,
          "std": 0.008513139457072142
        },
        "auc_pr": {
          "mean": 0.9801861936666512,
          "std": 0.009300759480602673
        },
        "mcc": {
          "mean": 0.8866812837131511,
          "std": 0.03808937999748178
        }
      },
      "MLP (Geo-24)": {
        "accuracy": {
          "mean": 0.9510204081632653,
          "std": 0.01715580981349452
        },
        "precision": {
          "mean": 0.950606114007574,
          "std": 0.02509766416400967
        },
        "recall": {
          "mean": 0.9523809523809524,
          "std": 0.028539016276738806
        },
        "f1": {
          "mean": 0.9510352514823394,
          "std": 0.01721941054724223
        },
        "auc_roc": {
          "mean": 0.989310009718173,
          "std": 0.006019570564675494
        },
        "auc_pr": {
          "mean": 0.9894973752604556,
          "std": 0.005537021356710231
        },
        "mcc": {
          "mean": 0.9028828488587397,
          "std": 0.03399708487282763
        }
      },