{
  "timestamp": "20260122_171930",
  "seed": 42,
  "n_folds": 5,
  "pnas_rounds": 15,
  "results": {
    "cluster_cv": {
      "MLP (QSAR-12)": {
        "accuracy": {
          "mean": 0.8600762776506483,
          "std": 0.0296062874839223
        },
        "precision": {
          "mean": 0.8479097927411345,
          "std": 0.0065676425143390855
        },
        "recall": {
          "mean": 0.8783569092222079,
          "std": 0.06367491584268456
        },
        "f1": {
          "mean": 0.8617182271138544,
          "std": 0.03275655220746981
        },
        "auc_roc": {
          "mean": 0.9342999816131913,
          "std": 0.011860731417256456
        },
        "auc_pr": {
          "mean": 0.9317662515923597,
          "std": 0.01717540893787937
        },
        "mcc": {
          "mean": 0.7228604453684447,
          "std": 0.05893197309894302
        }
      },
      "MLP (Geo-24)": {
        "accuracy": {
          "mean": 0.9406102212051868,
          "std": 0.016779529780404256
        },
        "precision": {
          "mean": 0.9508940580396488,
          "std": 0.018470217546275345
        },
        "recall": {
          "mean": 0.9305944947113547,
          "std": 0.049940637505804325
        },
        "f1": {
          "mean": 0.9394773017617528,
          "std": 0.018384275724766894
        },
        "auc_roc": {
          "mean": 0.9806141833544932,
          "std": 0.016464767652428918
        },
        "auc_pr": {
          "mean": 0.9841415020875285,
          "std": 0.011086499968490883
        },
        "mcc": {
          "mean": 0.8835822750850945,
          "std": 0.03335793082483291
        }
      },
      "MLP (Combined-36)": {
        "accuracy": {
          "mean": 0.945766590389016,
          "std": 0.023821059661566796
        },
        "precision": {
          "mean": 0.9525417911653072,
          "std": 0.037828863067635776
        },
        "recall": {
          "mean": 0.9412960367019242,
          "std": 0.05070320581350517
        },
        "f1": {
          "mean": 0.9452774600078258,
          "std": 0.024332953550536895
        },
        "auc_roc": {
          "mean": 0.9907766210820101,
          "std": 0.003982076503416068
        },
        "auc_pr": {
          "mean": 0.9911594641840376,
          "std": 0.004050876493428387
        },
        "mcc": {
          "mean": 0.8945600169338424,
          "std": 0.04475667592204115
        }
      }
    },
    "pnas_cv": {
      "MLP (QSAR-12)": {
        "accuracy": {
          "mean": 0.8401360544217688,
          "std": 0.033047504221744545
        },
        "precision": {
          "mean": 0.8539675283414915,
          "std": 0.0569156170567162
        },
        "recall": {
          "mean": 0.8326530612244898,
          "std": 0.10358022481999608
        },
        "f1": {
          "mean": 0.8357373244552995,
          "std": 0.050150792483800014
        },
        "auc_roc": {
          "mean": 0.9366652783562404,
          "std": 0.017071285077335727
        },
        "auc_pr": {
          "mean": 0.935978154132776,
          "std": 0.023613982848984215
        },
        "mcc": {
          "mean": 0.6890839520235521,
          "std": 0.05403495864033742
        }
      },
      "MLP (Geo-24)": {
        "accuracy": {
          "mean": 0.9510204081632653,
          "std": 0.01715580981349452
        },
        "precision": {
          "mean": 0.950606114007574,
          "std": 0.02509766416400967
        },
        "recall": {
          "mean": 0.9523809523809524,
          "std": 0.028539016276738806
        },
        "f1": {
          "mean": 0.9510352514823394,
          "std": 0.01721941054724223
        },
        "auc_roc": {
          "mean": 0.989310009718173,
          "std": 0.006019570564675494
        },
        "auc_pr": {
          "mean": 0.9894973752604556,
          "std": 0.005537021356710231
        },
        "mcc": {
          "mean": 0.9028828488587397,
          "std": 0.03399708487282763
        }
      },
      "MLP (Combined-36)": {
        "accuracy": {
          "mean": 0.9482993197278913,
          "std": 0.023407687801476514
        },
        "precision": {
          "mean": 0.958273854411415,
          "std": 0.03153853156221162
        },
        "recall": {
          "mean": 0.9387755102040815,
          "std": 0.03872176726736791
        },
        "f1": {
          "mean": 0.9476690010809037,
          "std": 0.023873635743741736
        },
        "auc_roc": {
          "mean": 0.9900874635568512,
          "std": 0.007912931003440512
        },
        "auc_pr": {
          "mean": 0.9893726734325116,
          "std": 0.009042979692789905
        },
        "mcc": {
          "mean": 0.8981419722505163,
          "std": 0.04582200881657131
        }
      }
    },
    "pnas_blind": {
      "MLP (QSAR-12)": {
        "accuracy": 0.9302325581395349,
        "precision": 0.9302325581395349,
        "recall": 0.9302325581395349,
        "f1": 0.9302325581395349,
        "auc_roc": 0.975662520281233,
        "auc_pr": 0.9692973053174649,
        "mcc": 0.8604651162790697
      },
      "MLP (Geo-24)": {
        "accuracy": 0.9186046511627907,
        "precision": 0.9285714285714286,
        "recall": 0.9069767441860465,
        "f1": 0.9176470588235294,
        "auc_roc": 0.9729583558680368,
        "auc_pr": 0.9771367056285112,
        "mcc": 0.8374357893586238
      },
      "MLP (Combined-36)": {
        "accuracy": 0.9767441860465116,
        "precision": 0.9767441860465116,
        "recall": 0.9767441860465116,
        "f1": 0.9767441860465116,
        "auc_roc": 0.9951325040562466,
        "auc_pr": 0.9959749552772811,
        "mcc": 0.9534883720930233
      }
    }
  }
}