{
  "timestamp": "20260122_171552",
  "seed": 42,
  "n_folds": 5,
  "pnas_rounds": 15,
  "results": {
    "cluster_cv": {
      "SVM-Linear (QSAR-12)": {
        "accuracy": {
          "mean": 0.8688024408848207,
          "std": 0.023238984943718597
        },
        "precision": {
          "mean": 0.8799988571657602,
          "std": 0.02929834749332792
        },
        "recall": {
          "mean": 0.8574232190646105,
          "std": 0.060814124893156844
        },
        "f1": {
          "mean": 0.8665555935780308,
          "std": 0.026912483860071144
        },
        "auc_roc": {
          "mean": 0.9340201308631306,
          "std": 0.010437744736813068
        },
        "auc_pr": {
          "mean": 0.933671114935968,
          "std": 0.020361192051362983
        },
        "mcc": {
          "mean": 0.7411917454660228,
          "std": 0.04260012869380671
        }
      },
      "SVM-RBF (QSAR-12)": {
        "accuracy": {
          "mean": 0.8495652173913044,
          "std": 0.04644522033204674
        },
        "precision": {
          "mean": 0.8540489642184557,
          "std": 0.019975050917235695
        },
        "recall": {
          "mean": 0.8438012403891084,
          "std": 0.0892886184976223
        },
        "f1": {
          "mean": 0.8468181920653979,
          "std": 0.05312794138503725
        },
        "auc_roc": {
          "mean": 0.9274553558966417,
          "std": 0.01574317710025824
        },
        "auc_pr": {
          "mean": 0.923496995504733,
          "std": 0.027382000936809883
        },
        "mcc": {
          "mean": 0.7026143128789697,
          "std": 0.08887134940102638
        }
      },
      "MLP (QSAR-12)": {
        "accuracy": {
          "mean": 0.8600762776506483,
          "std": 0.0296062874839223
        },
        "precision": {
          "mean": 0.8479097927411345,
          "std": 0.0065676425143390855
        },
        "recall": {
          "mean": 0.8783569092222079,
          "std": 0.06367491584268456
        },
        "f1": {
          "mean": 0.8617182271138544,
          "std": 0.03275655220746981
        },
        "auc_roc": {
          "mean": 0.9342999816131913,
          "std": 0.011860731417256456
        },
        "auc_pr": {
          "mean": 0.9317662515923597,
          "std": 0.01717540893787937
        },
        "mcc": {
          "mean": 0.7228604453684447,
          "std": 0.05893197309894302
        }
      },
      "SVM-Linear (Combined-36)": {
        "accuracy": {
          "mean": 0.9248207475209764,
          "std": 0.014267517912184929
        },
        "precision": {
          "mean": 0.9291466328982402,
          "std": 0.03449205262314582
        },
        "recall": {
          "mean": 0.9238711184741515,
          "std": 0.05510545691038997
        },
        "f1": {
          "mean": 0.9244048452496509,
          "std": 0.015773821214133243
        },
        "auc_roc": {
          "mean": 0.9772720642423567,
          "std": 0.006534021672402729
        },
        "auc_pr": {
          "mean": 0.9762492326945622,
          "std": 0.006313522932052247
        },
        "mcc": {
          "mean": 0.8535671400395455,
          "std": 0.02520114890373308
        }
      },
      "SVM-RBF (Combined-36)": {
        "accuracy": {
          "mean": 0.9388100686498856,
          "std": 0.027586385777986864
        },
        "precision": {
          "mean": 0.9531383608340672,
          "std": 0.01789560965526561
        },
        "recall": {
          "mean": 0.9235705789898475,
          "std": 0.051546951737467865
        },
        "f1": {
          "mean": 0.9373637041359393,
          "std": 0.029226872230348602
        },
        "auc_roc": {
          "mean": 0.9849764832344434,
          "std": 0.006384158991112923
        },
        "auc_pr": {
          "mean": 0.9845616260156529,
          "std": 0.007237147612739562
        },
        "mcc": {
          "mean": 0.8793754910872155,
          "std": 0.053632202831577984
        }
      },
      "MLP (Combined-36)": {
        "accuracy": {
          "mean": 0.945766590389016,
          "std": 0.023821059661566796
        },
        "precision": {
          "mean": 0.9525417911653072,
          "std": 0.037828863067635776
        },
        "recall": {
          "mean": 0.9412960367019242,
          "std": 0.05070320581350517
        },
        "f1": {
          "mean": 0.9452774600078258,
          "std": 0.024332953550536895
        },
        "auc_roc": {
          "mean": 0.9907766210820101,
          "std": 0.003982076503416068
        },
        "auc_pr": {
          "mean": 0.9911594641840376,
          "std": 0.004050876493428387
        },
        "mcc": {
          "mean": 0.8945600169338424,
          "std": 0.04475667592204115
        }
      },
      "Two-Tower Fusion": {
        "accuracy": {
          "mean": 0.9370861937452325,
          "std": 0.012678199157816364
        },
        "precision": {
          "mean": 0.9449214763121059,
          "std": 0.031865499763788684
        },
        "recall": {
          "mean": 0.9305944947113545,
          "std": 0.043341588015552816
        },
        "f1": {
          "mean": 0.9363686138640765,
          "std": 0.01429427978003309
        },
        "auc_roc": {
          "mean": 0.9866409798481403,
          "std": 0.004955024326476447
        },
        "auc_pr": {
          "mean": 0.9863366305323081,
          "std": 0.007488703736639884
        },
        "mcc": {
          "mean": 0.8767723717102471,
          "std": 0.025104262458926913
        }
      },
      "MLP (Geo-24 only)": {
        "accuracy": {
          "mean": 0.9406102212051868,
          "std": 0.016779529780404256
        },
        "precision": {
          "mean": 0.9508940580396488,
          "std": 0.018470217546275345
        },
        "recall": {
          "mean": 0.9305944947113547,
          "std": 0.049940637505804325
        },
        "f1": {
          "mean": 0.9394773017617528,
          "std": 0.018384275724766894
        },
        "auc_roc": {
          "mean": 0.9806141833544932,
          "std": 0.016464767652428918
        },
        "auc_pr": {
          "mean": 0.9841415020875285,
          "std": 0.011086499968490883
        },
        "mcc": {
          "mean": 0.8835822750850945,
          "std": 0.03335793082483291
        }
      }
    },
    "pnas_cv": {
      "SVM-Linear (QSAR-12)": {
        "accuracy": {
          "mean": 0.8462585034013606,
          "std": 0.031498875925959784
        },
        "precision": {
          "mean": 0.8671252170070057,
          "std": 0.046286975922807845
        },
        "recall": {
          "mean": 0.8217687074829932,
          "std": 0.05346090531806394
        },
        "f1": {
          "mean": 0.8420472537471702,
          "std": 0.03368484888017349
        },
        "auc_roc": {
          "mean": 0.9297653755379702,
          "std": 0.016286153571761674
        },
        "auc_pr": {
          "mean": 0.9320577467716971,
          "std": 0.01988959399044412
        },
        "mcc": {
          "mean": 0.6958861236842522,
          "std": 0.06199755071029072
        }
      },
      "SVM-RBF (QSAR-12)": {
        "accuracy": {
          "mean": 0.845578231292517,
          "std": 0.027849645565249943
        },
        "precision": {
          "mean": 0.8576919439568526,
          "std": 0.04272929055650871
        },
        "recall": {
          "mean": 0.8326530612244899,
          "std": 0.05010055140005978
        },
        "f1": {
          "mean": 0.8433065857533786,
          "std": 0.028840044147039216
        },
        "auc_roc": {
          "mean": 0.9279744550881577,
          "std": 0.016008886785586648
        },
        "auc_pr": {
          "mean": 0.9326860466019232,
          "std": 0.018691998822285463
        },
        "mcc": {
          "mean": 0.6939474554133217,
          "std": 0.05455992672812791
        }
      },