metric,cv_mean,cv_std,blind_test
accuracy,0.9489795918367346,0.02107746038752334,0.9186046511627907
precision,0.9517703767180143,0.03708278408979357,0.9285714285714286
recall,0.9482993197278913,0.03236837347855868,0.9069767441860465
f1,0.9491064489585237,0.02000568130739354,0.9176470588235294
auc_roc,0.9862279605719837,0.006580884306218734,0.975662520281233
auc_pr,0.9866682906033357,0.006306492729778766,0.9787239221170291
mcc,0.8998273625157583,0.039293829496322305,0.8374357893586238
