{
  "model": "EGNN_Graph_plus_Combined36",
  "architecture": "egnn",
  "feature_set": "Graph+Combined36",
  "geo_dim": 36,
  "config": {
    "epochs": 500,
    "patience": 30,
    "lr": 0.001,
    "hidden_channels": 64,
    "num_layers": 3
  },
  "cv_results": {
    "auc_roc": {
      "mean": 0.9717136446313225,
      "std": 0.010334693036412703,
      "values": [
        0.9715668481548699,
        0.9640048396854205,
        0.961171032357473,
        0.9907663896583564,
        0.9710591133004927
      ]
    },
    "f1": {
      "mean": 0.9101469607672777,
      "std": 0.029856403845073057,
      "values": [
        0.9217391304347826,
        0.9137931034482759,
        0.8679245283018868,
        0.9565217391304348,
        0.8907563025210085
      ]
    },
    "mcc": {
      "mean": 0.8267767033501817,
      "std": 0.05073157283696866,
      "values": [
        0.8436176648517847,
        0.8266263615906024,
        0.7729992357072315,
        0.9124211282466753,
        0.7782191263546144
      ]
    }
  }
}