{
  "model": "GAT_Graph-only",
  "architecture": "gat",
  "feature_set": "Graph-only",
  "geo_dim": 0,
  "config": {
    "epochs": 500,
    "patience": 50,
    "lr": 0.001,
    "hidden_channels": 64,
    "num_layers": 3
  },
  "cv_results": {
    "auc_roc": {
      "mean": 0.9962789539513037,
      "std": 0.0036936517164576866,
      "values": [
        1.0,
        0.9962406015037594,
        0.9897221164826798,
        0.9958127141225732,
        0.9996193376475067
      ]
    },
    "f1": {
      "mean": 0.959899981349152,
      "std": 0.01681335423703406,
      "values": [
        0.95,
        0.9473684210526315,
        0.9428571428571428,
        0.972972972972973,
        0.9863013698630136
      ]
    },
    "mcc": {
      "mean": 0.9400167897792443,
      "std": 0.024780496452058907,
      "values": [
        0.9240072527232552,
        0.9187969924812031,
        0.9188712229275244,
        0.9588884659307194,
        0.9795200148335201
      ]
    }
  }
}