{
  "model": "EGNN_Graph-only",
  "architecture": "egnn",
  "feature_set": "Graph-only",
  "geo_dim": 0,
  "config": {
    "epochs": 500,
    "patience": 30,
    "lr": 0.001,
    "hidden_channels": 64,
    "num_layers": 3
  },
  "cv_results": {
    "auc_roc": {
      "mean": 0.9736608696764305,
      "std": 0.01342343643812845,
      "values": [
        0.9724742891712038,
        0.969147005444646,
        0.9540832049306626,
        0.9956909818405664,
        0.9769088669950738
      ]
    },
    "f1": {
      "mean": 0.9254846261079986,
      "std": 0.020180984303040585,
      "values": [
        0.9310344827586207,
        0.9310344827586207,
        0.9122807017543859,
        0.9565217391304348,
        0.896551724137931
      ]
    },
    "mcc": {
      "mean": 0.8507383503624407,
      "std": 0.0402518558315501,
      "values": [
        0.8614221271773226,
        0.8614221271773226,
        0.8268104776579352,
        0.9124211282466753,
        0.7916158915529475
      ]
    }
  }
}