{
  "model": "GAT_Graph-only",
  "architecture": "gat",
  "feature_set": "Graph-only",
  "geo_dim": 0,
  "config": {
    "epochs": 500,
    "patience": 30,
    "lr": 0.001,
    "hidden_channels": 64,
    "num_layers": 3
  },
  "cv_results": {
    "auc_roc": {
      "mean": 0.9775110088400943,
      "std": 0.01994405224779053,
      "values": [
        0.9882032667876588,
        0.9954627949183303,
        0.9389830508474576,
        0.9855340104647583,
        0.979371921182266
      ]
    },
    "f1": {
      "mean": 0.9318986664967077,
      "std": 0.03975414297989175,
      "values": [
        0.9482758620689655,
        0.9739130434782609,
        0.8598130841121495,
        0.9557522123893806,
        0.9217391304347826
      ]
    },
    "mcc": {
      "mean": 0.8704517104736598,
      "std": 0.0680202863169765,
      "values": [
        0.8962178927640426,
        0.9479733817301875,
        0.7522762767641649,
        0.9124211282466753,
        0.8433698728632287
      ]
    }
  }
}