{
  "model": "GCN_Graph-only",
  "architecture": "gcn",
  "feature_set": "Graph-only",
  "geo_dim": 0,
  "config": {
    "epochs": 500,
    "patience": 50,
    "lr": 0.001,
    "hidden_channels": 64,
    "num_layers": 3
  },
  "cv_results": {
    "auc_roc": {
      "mean": 0.9972762320723774,
      "std": 0.0029190445855271797,
      "values": [
        1.0,
        0.9932330827067669,
        0.9942900647125998,
        0.9988580129425201,
        1.0
      ]
    },
    "f1": {
      "mean": 0.9709196831741801,
      "std": 0.009546265746482993,
      "values": [
        0.9620253164556962,
        0.9736842105263158,
        0.9722222222222222,
        0.96,
        0.9866666666666667
      ]
    },
    "mcc": {
      "mean": 0.9558894222555402,
      "std": 0.014630155858948885,
      "values": [
        0.9421610627827803,
        0.9593984962406015,
        0.9591817443319882,
        0.9389250424414876,
        0.9797807654808431
      ]
    }
  }
}