{
  "model": "GCN_Graph-only",
  "architecture": "gcn",
  "feature_set": "Graph-only",
  "geo_dim": 0,
  "config": {
    "epochs": 500,
    "patience": 30,
    "lr": 0.001,
    "hidden_channels": 64,
    "num_layers": 3
  },
  "cv_results": {
    "auc_roc": {
      "mean": 0.970318246938519,
      "std": 0.022762078561497007,
      "values": [
        0.9754990925589837,
        0.9869933454325468,
        0.9254237288135594,
        0.9833795013850415,
        0.9802955665024631
      ]
    },
    "f1": {
      "mean": 0.9194372198961716,
      "std": 0.03454245395346897,
      "values": [
        0.9557522123893806,
        0.9380530973451328,
        0.8543689320388349,
        0.9272727272727272,
        0.9217391304347826
      ]
    },
    "mcc": {
      "mean": 0.8524299054254602,
      "std": 0.049175416057074636,
      "values": [
        0.913161917745402,
        0.8783661521586819,
        0.7654779007031431,
        0.8617736836568456,
        0.8433698728632287
      ]
    }
  }
}