peptide_id,sequence,netCharge,FC,LW,DP,NK,AE,pcMK,_SolventAccessibilityD1025,tau2_GRAR740104,tau4_GRAR740104,QSO50_GRAR740104,QSO29_GRAR740104
Buf(i+4)_12,TRSSRAGLQWPAGRVARLLRK,6.0,0.0,0.0,0.0,0.0,0.0,0.0,33.333,10031.473684210527,8185.058823529412,0.0,0.049522
Buf(i+4)_13,TRSSRAGLQWPVARVHALLRK,6.0,0.0,0.0,0.0,0.0,0.0,0.0,33.333,7729.684210526316,7173.764705882353,0.0,0.061291
Buf(i+4)_13_Q9K,TRSSRAGLKWPVARVHALLRK,7.0,0.0,0.0,0.0,0.0,0.0,0.0,33.333,8434.578947368422,7278.588235294118,0.0,0.059547
Buf(i+4)_12_V15K_L19K,TRSSRAGLQWPAGRKARLKRK,8.0,0.0,0.0,0.0,0.0,0.0,0.0,33.333,8691.0,8476.882352941177,0.0,0.059053
Mag_20,GIGKFLHSKKFGKAFVAEIAKK,6.0,0.0,0.0,0.0,0.0,4.76,0.0,13.636,10816.2,8187.722222222223,0.0,0.04013
Mag_25,AKGKALHSKKKFGKAAVGEAAKK,8.0,0.0,0.0,0.0,0.0,0.0,0.0,21.739,8303.142857142857,9809.578947368422,0.0,0.072678
Mag_31,GAGKFAHSKKKKGKAAVGEAAKK,8.0,0.0,0.0,0.0,0.0,0.0,0.0,13.043,8198.57142857143,9809.473684210527,0.0,0.073014
Mag_36,GAGKFAHSKKKKKAFKGEAAKK,9.0,0.0,0.0,0.0,0.0,0.0,0.0,9.091,8914.45,9858.166666666666,0.0,0.050584
