{
  "protocol": "cluster_cv",
  "cv_results": {
    "auc_roc": [
      0.9894131881427708,
      0.9885057471264369,
      0.9408320493066256,
      0.9827639273622653,
      0.978448275862069
    ],
    "auc_pr": [
      0.9913968038552092,
      0.9892702241948406,
      0.9530966808274344,
      0.9870134556701777,
      0.9811282755209858
    ],
    "f1": [
      0.9572649572649573,
      0.9380530973451328,
      0.8235294117647058,
      0.9310344827586207,
      0.9310344827586207
    ],
    "accuracy": [
      0.9565217391304348,
      0.9391304347826087,
      0.8421052631578947,
      0.9298245614035088,
      0.9298245614035088
    ],
    "precision": [
      0.9333333333333333,
      0.9464285714285714,
      0.9767441860465116,
      0.9152542372881356,
      0.9
    ],
    "recall": [
      0.9824561403508771,
      0.9298245614035088,
      0.711864406779661,
      0.9473684210526315,
      0.9642857142857143
    ],
    "mcc": [
      0.9143206919978125,
      0.8783661521586819,
      0.715162513840961,
      0.860178789599605,
      0.8618995454758728
    ]
  },
  "cv_summary": {
    "auc_roc": {
      "mean": 0.9759926375600336,
      "std": 0.01802684986538994
    },
    "auc_pr": {
      "mean": 0.9803810880137295,
      "std": 0.014066614396900335
    },
    "f1": {
      "mean": 0.9161832863784074,
      "std": 0.04731141271052884
    },
    "accuracy": {
      "mean": 0.9194813119755911,
      "std": 0.03989761852289763
    },
    "precision": {
      "mean": 0.9343520656193105,
      "std": 0.026415007634397396
    },
    "recall": {
      "mean": 0.9071598487744785,
      "std": 0.09920042760262775
    },
    "mcc": {
      "mean": 0.8459855386145867,
      "std": 0.0682459744164101
    }
  },
  "config": {
    "csv_path": "data/training_dataset/geometric_features_clustered.csv",
    "pdb_dir": "data/training_dataset",
    "architecture": "gat",
    "hidden_channels": 64,
    "num_layers": 3,
    "dropout": 0.2,
    "pooling": "mean_max",
    "epochs": 100,
    "batch_size": 32,
    "lr": 0.001,
    "weight_decay": 0.0001,
    "patience": 15,
    "distance_threshold": 8.0,
    "use_geo_features": false,
    "eval_protocol": "cluster_cv",
    "n_folds": 5,
    "test_size": 0.15,
    "seed": 42,
    "device": "auto",
    "output_dir": "results/gnn"
  },
  "timestamp": "20260202_140643"
}