{
  "protocol": "cluster_cv",
  "cv_results": {
    "auc_roc": [
      0.9894131881427707,
      0.9906231094978826,
      0.9408320493066256,
      0.9827639273622653,
      0.978448275862069
    ],
    "auc_pr": [
      0.9925123719417255,
      0.9906059851349718,
      0.9526737722000929,
      0.9869262157123599,
      0.9813016869442055
    ],
    "f1": [
      0.9333333333333333,
      0.9473684210526315,
      0.8235294117647058,
      0.9401709401709402,
      0.9230769230769231
    ],
    "accuracy": [
      0.9304347826086956,
      0.9478260869565217,
      0.8421052631578947,
      0.9385964912280702,
      0.9210526315789473
    ],
    "precision": [
      0.8888888888888888,
      0.9473684210526315,
      0.9767441860465116,
      0.9166666666666666,
      0.8852459016393442
    ],
    "recall": [
      0.9824561403508771,
      0.9473684210526315,
      0.711864406779661,
      0.9649122807017544,
      0.9642857142857143
    ],
    "mcc": [
      0.865703310080705,
      0.895644283121597,
      0.715162513840961,
      0.8784104611578831,
      0.8455507911519603
    ]
  },
  "cv_summary": {
    "auc_roc": {
      "mean": 0.9764161100343227,
      "std": 0.018338008254810627
    },
    "auc_pr": {
      "mean": 0.9808040063866711,
      "std": 0.01457534781546949
    },
    "f1": {
      "mean": 0.9134958058797069,
      "std": 0.04569068662295248
    },
    "accuracy": {
      "mean": 0.916003051106026,
      "std": 0.037994276800683985
    },
    "precision": {
      "mean": 0.9229828128588086,
      "std": 0.03496085512908123
    },
    "recall": {
      "mean": 0.9141773926341277,
      "std": 0.10176349912278819
    },
    "mcc": {
      "mean": 0.8400942718706214,
      "std": 0.06457162645709888
    }
  },
  "config": {
    "csv_path": "data/training_dataset/geometric_features_clustered.csv",
    "pdb_dir": "data/training_dataset",
    "architecture": "gat",
    "hidden_channels": 64,
    "num_layers": 3,
    "dropout": 0.2,
    "pooling": "mean_max",
    "epochs": 1000,
    "batch_size": 32,
    "lr": 0.001,
    "weight_decay": 0.0001,
    "patience": 15,
    "distance_threshold": 8.0,
    "use_geo_features": false,
    "eval_protocol": "cluster_cv",
    "n_folds": 5,
    "test_size": 0.15,
    "seed": 42,
    "device": "auto",
    "output_dir": "results/gnn"
  },
  "timestamp": "20260202_140726"
}