{
  "protocol": "cluster_cv",
  "cv_results": {
    "auc_roc": [
      0.9782214156079855,
      0.9776164549304296,
      0.9362095531587057,
      0.9990766389658357,
      0.9762931034482759
    ],
    "auc_pr": [
      0.9761130517275489,
      0.9775921154013287,
      0.9638606846453813,
      0.9991228070175437,
      0.9786097477142293
    ],
    "f1": [
      0.9380530973451328,
      0.9137931034482759,
      0.8709677419354839,
      0.912,
      0.907563025210084
    ],
    "accuracy": [
      0.9391304347826087,
      0.9130434782608695,
      0.8596491228070176,
      0.9035087719298246,
      0.9035087719298246
    ],
    "precision": [
      0.9464285714285714,
      0.8983050847457628,
      0.8307692307692308,
      0.8382352941176471,
      0.8571428571428571
    ],
    "recall": [
      0.9298245614035088,
      0.9298245614035088,
      0.9152542372881356,
      1.0,
      0.9642857142857143
    ],
    "mcc": [
      0.8783661521586819,
      0.8266263615906024,
      0.7219598924195207,
      0.8224783208299743,
      0.8135082991487377
    ]
  },
  "cv_summary": {
    "auc_roc": {
      "mean": 0.9734834332222464,
      "std": 0.02045374737074765
    },
    "auc_pr": {
      "mean": 0.9790596813012064,
      "std": 0.01135409466757139
    },
    "f1": {
      "mean": 0.9084753935877954,
      "std": 0.021555499514536003
    },
    "accuracy": {
      "mean": 0.903768115942029,
      "std": 0.025624777126090695
    },
    "precision": {
      "mean": 0.8741762076408138,
      "std": 0.04305498047487729
    },
    "recall": {
      "mean": 0.9478378148761735,
      "std": 0.030666173813031647
    },
    "mcc": {
      "mean": 0.8125878052295035,
      "std": 0.050667465256575527
    }
  },
  "config": {
    "csv_path": "data/training_dataset/geometric_features_clustered.csv",
    "pdb_dir": "data/training_dataset",
    "architecture": "gcn",
    "hidden_channels": 64,
    "num_layers": 3,
    "dropout": 0.2,
    "pooling": "mean_max",
    "epochs": 100,
    "batch_size": 32,
    "lr": 0.001,
    "weight_decay": 0.0001,
    "patience": 15,
    "distance_threshold": 8.0,
    "use_geo_features": true,
    "eval_protocol": "cluster_cv",
    "n_folds": 5,
    "test_size": 0.15,
    "seed": 42,
    "device": "auto",
    "output_dir": "results/gnn"
  },
  "timestamp": "20260202_141325"
}