{
  "protocol": "cluster_cv",
  "cv_results": {
    "auc_roc": [
      0.9670296430732003,
      0.9685420447670902,
      0.9519260400616333,
      0.9830717143736535,
      0.9772167487684729
    ],
    "auc_pr": [
      0.9568126492315472,
      0.9650408026559627,
      0.9619976971046551,
      0.9868286570025762,
      0.9810726846950492
    ],
    "f1": [
      0.8571428571428571,
      0.9090909090909091,
      0.8833333333333333,
      0.8943089430894309,
      0.9203539823008849
    ],
    "accuracy": [
      0.8695652173913043,
      0.9043478260869565,
      0.8771929824561403,
      0.8859649122807017,
      0.9210526315789473
    ],
    "precision": [
      0.9375,
      0.859375,
      0.8688524590163934,
      0.8333333333333334,
      0.9122807017543859
    ],
    "recall": [
      0.7894736842105263,
      0.9649122807017544,
      0.8983050847457628,
      0.9649122807017544,
      0.9285714285714286
    ],
    "mcc": [
      0.7480013051741216,
      0.814932938062985,
      0.754246431477381,
      0.7817359599705715,
      0.8422348876123157
    ]
  },
  "cv_summary": {
    "auc_roc": {
      "mean": 0.96955723820881,
      "std": 0.0105791083841918
    },
    "auc_pr": {
      "mean": 0.970350498137958,
      "std": 0.011556214850537663
    },
    "f1": {
      "mean": 0.892846004991483,
      "std": 0.021853748424968903
    },
    "accuracy": {
      "mean": 0.8916247139588102,
      "std": 0.018733977344362513
    },
    "precision": {
      "mean": 0.8822682988208225,
      "std": 0.03754997704609645
    },
    "recall": {
      "mean": 0.9092349517862454,
      "std": 0.0648630132658992
    },
    "mcc": {
      "mean": 0.788230304459475,
      "std": 0.03590258530964031
    }
  },
  "config": {
    "csv_path": "data/training_dataset/geometric_features_clustered.csv",
    "pdb_dir": "data/training_dataset",
    "architecture": "egnn",
    "hidden_channels": 64,
    "num_layers": 3,
    "dropout": 0.2,
    "pooling": "mean_max",
    "epochs": 100,
    "batch_size": 32,
    "lr": 0.001,
    "weight_decay": 0.0001,
    "patience": 15,
    "distance_threshold": 8.0,
    "use_geo_features": false,
    "eval_protocol": "cluster_cv",
    "n_folds": 5,
    "test_size": 0.15,
    "seed": 42,
    "device": "auto",
    "output_dir": "results/gnn"
  },
  "timestamp": "20260202_141237"
}