{
  "protocol": "cluster_cv",
  "cv_results": {
    "auc_roc": [
      0.9688391485626509,
      0.9600614439324117,
      0.986814404432133
    ],
    "auc_pr": [
      0.9682215846554291,
      0.9711424923701143,
      0.9888123915927923
    ],
    "f1": [
      0.9128205128205128,
      0.9021739130434783,
      0.9319371727748691
    ],
    "accuracy": [
      0.9109947643979057,
      0.9057591623036649,
      0.9315789473684211
    ],
    "precision": [
      0.8725490196078431,
      0.9651162790697675,
      0.9270833333333334
    ],
    "recall": [
      0.956989247311828,
      0.8469387755102041,
      0.9368421052631579
    ],
    "mcc": [
      0.8259690754777297,
      0.8184611522308648,
      0.8632057190931819
    ]
  },
  "cv_summary": {
    "auc_roc": {
      "mean": 0.9719049989757318,
      "std": 0.011134924126113412
    },
    "auc_pr": {
      "mean": 0.9760588228727786,
      "std": 0.009096631676670658
    },
    "f1": {
      "mean": 0.9156438662129535,
      "std": 0.012313715949934636
    },
    "accuracy": {
      "mean": 0.9161109580233306,
      "std": 0.011144412743827565
    },
    "precision": {
      "mean": 0.9215828773369813,
      "std": 0.03799004819860643
    },
    "recall": {
      "mean": 0.9135900426950633,
      "std": 0.04784189514217945
    },
    "mcc": {
      "mean": 0.8358786489339254,
      "std": 0.019564743809326955
    }
  },
  "config": {
    "csv_path": "data/training_dataset/geometric_features_clustered.csv",
    "pdb_dir": "data/training_dataset",
    "architecture": "gcn",
    "hidden_channels": 64,
    "num_layers": 3,
    "dropout": 0.2,
    "pooling": "mean_max",
    "epochs": 30,
    "batch_size": 32,
    "lr": 0.001,
    "weight_decay": 0.0001,
    "patience": 10,
    "distance_threshold": 8.0,
    "use_geo_features": false,
    "eval_protocol": "cluster_cv",
    "n_folds": 3,
    "test_size": 0.15,
    "seed": 42,
    "device": "auto",
    "output_dir": "results/gnn"
  },
  "timestamp": "20260202_135730"
}