seqIndex,netCharge,FC,LW,DP,NK,AE,pcMK,_SolventAccessibilityD1025,tau2_GRAR740104,tau4_GRAR740104,QSO50_GRAR740104,QSO29_GRAR740104
Buf(i+4)_12,7.0,0.0,0.0,0.0,0.0,0.0,0.0,33.333,8525.894736842105,7429.823529411765,0.0,0.056778
Buf(i+4)_13,7.0,0.0,0.0,0.0,0.0,0.0,0.0,33.333,8525.894736842105,7429.823529411765,0.0,0.056778
Buf(i+4)_13_Q9K,8.0,0.0,0.0,0.0,0.0,0.0,0.0,33.333,9230.78947368421,7864.35294117647,0.0,0.055109
Buf(i+4)_12_V15K_L19K,9.0,0.0,0.0,0.0,0.0,0.0,0.0,28.571,7185.421052631579,7721.64705882353,0.0,0.067486
Mag_20,5.0,0.0,0.0,0.0,0.0,0.0,0.1666666666666666,13.043,12360.285714285714,9215.105263157897,0.0,0.060815
Mag_25,6.0,0.0,0.0,0.0,0.0,0.0,0.1428571428571428,13.043,11864.857142857143,9816.368421052632,0.0,0.057696
Mag_31,6.0,0.0,0.0,0.0,0.0,0.0,0.1428571428571428,13.043,11864.857142857143,9816.368421052632,0.0,0.057696
Mag_36,6.0,0.0,0.0,0.0,0.0,0.0,0.1428571428571428,13.043,11864.857142857143,9816.368421052632,0.0,0.057696
